,Name,Gender
0,2:00 PM 찬성,M
1,2:00 PM 준케이,M
2,2:00 PM 준호,M
3,2:00 PM 닉쿤,M
4,2:00 PM 택연,M
5,2:00 PM 우영,M
6,(G)I-DLE 민니,F
7,(G)I-DLE 미연,F
8,(G)I-DLE 슈화,F
9,(G)I-DLE 소연,F
10,(G)I-DLE 우기,F
11,2NE1 봄,F
12,2NE1 씨엘,F
13,2NE1 다라,F
14,2NE1 민지,F
15,4minute 현아,F
16,aespa 지젤,F
17,aespa 카리나,F
18,aespa 닝닝,F
19,aespa 윈터,F
20,After School 이영,F
21,After School 가은,F
22,After School 리지,F
23,After School 나나,F
24,After School 레이나,F
25,Apink 보미,F
26,Apink 초롱,F
27,Apink 은지,F
28,Apink 하영,F
29,Apink 남주,F
30,ASTRO 은우,M
31,ASTRO 산하,M
32,B1A4 신우,M
33,B1A4 공찬,M
34,B1A4 산들,M
35,BIGBANG 지드래곤,M
36,BIGBANG 태양,M
37,Billlie 문수아,F
38,Billlie 츠키,F
39,BLACKPINK 제니,F
40,BLACKPINK 지수,F
41,BLACKPINK 리사,F
42,BLACKPINK 로제,F
43,Block B 피오,M
44,Block B 지코,M
45,Brave Girls 은지,F
46,Brave Girls 민영,F
47,Brave Girls 유정,F
48,Brave Girls 유나,F
49,BtoB 창섭,M
50,BtoB 은광,M
51,BtoB 현식,M
52,BtoB 일훈,M
53,BtoB 민혁,M
54,BtoB 프니엘,M
55,BtoB 성재,M
56,BTS 제이홉,M
57,BTS 지민,M
58,BTS 진,M
59,BTS 정국,M
60,BTS 알엠,M
61,BTS 슈가,M
62,BTS 뷔,M
63,CNBLUE 종현,M
64,CNBLUE 정신,M
65,CNBLUE 민혁,M
66,CNBLUE 용화,M
67,Davichi 해리,F
68,Davichi 민경,F
69,DAY6 원필,M
70,EXID 하니,F
71,EXID 혜린,F
72,EXID 정화,F
73,EXID 엘리,F
74,EXID 솔지,F
75,EXO 백현,M
76,EXO 디오,M
77,EXO 카이,M
78,EXO 세훈,M
79,EXO 수호,M
80,EXO 시우민,M
81,f(x) 엠버,F
82,f(x) 크리스탈,F
83,f(x) 루나,F
84,FIFTY FIFTY 아란,F
85,FIFTY FIFTY 키나,F
86,FIFTY FIFTY 새나,F
87,FIFTY FIFTY 시오,F
88,FTISLAND 홍기,M
89,Gfriend 소원,F
90,Gfriend 예린,F
91,Gfriend 유주,F
92,Girl's Day 혜리,F
93,Girl's Day 민아,F
94,Girl's Day 소진,F
95,Girl's Day 유라,F
96,Highlight 동운,M
97,Highlight 두준,M
98,Highlight 기광,M
99,Highlight 요섭,M
100,Infinite 동우,M
101,Infinite 엘,M
102,Infinite 성종,M
103,Infinite 성규,M
104,Infinite 성열,M
105,Infinite 우현,M
106,ITZY 채령,F
107,ITZY 리아,F
108,ITZY 류진,F
109,ITZY 예지,F
110,ITZY 유나,F
111,IVE 가을,F
112,IVE 이서,F
113,IVE 리즈,F
114,IVE 레이,F
115,IVE 원영,F
116,IVE 유진,F
117,IZ*ONE 채연,F
118,IZ*ONE 은비,F
119,IZ*ONE 히토미,F
120,IZ*ONE 혜원,F
121,IZ*ONE 민주,F
122,IZ*ONE 나코,F
123,IZ*ONE 예나,F
124,IZ*ONE 유리,F
125,LE SSERAFIM 채원,F
126,LE SSERAFIM 은채,F
127,LE SSERAFIM 카즈하,F
128,LE SSERAFIM 사쿠라,F
129,LE SSERAFIM 윤진,F
130,Lovelyz 미주,F
131,Mamamoo 화사,F
132,Mamamoo 문별,F
133,Mamamoo 솔라,F
134,Mamamoo 휘인,F
135,miss A 수지,F
136,NCT 도영,M
137,NCT 해찬,M
138,NCT 재현,M
139,NCT 재민,M
140,NCT 제노,M
141,NCT 지성,M
142,NCT 정우,M
143,NCT 마크,M
144,NCT 태용,M
145,NewJeans 다니엘,F
146,NewJeans 해린,F
147,NewJeans 하니,F
148,NewJeans 혜인,F
149,NewJeans 민지,F
150,NMIXX 배이,F
151,NMIXX 해원,F
152,NMIXX 지우,F
153,NMIXX 규진,F
154,NMIXX 릴리,F
155,NMIXX 설윤,F
156,Oh My Girl 아린,F
157,Oh My Girl 효정,F
158,Oh My Girl 미미,F
159,Oh My Girl 승희,F
160,Oh My Girl 유아,F
161,Oh My Girl 유빈,F
162,Red Velvet 아이린,F
163,Red Velvet 조이,F
164,Red Velvet 슬기,F
165,Red Velvet 웬디,F
166,Red Velvet 예리,F
167,Seventeen 디노,M
168,Seventeen 도겸,M
169,Seventeen 호시,M
170,Seventeen 정한,M
171,Seventeen 조슈아,M
172,Seventeen 준,M
173,Seventeen 민규,M
174,Seventeen 에스쿱스,M
175,Seventeen 승관,M
176,Seventeen 디에잇,M
177,Seventeen 버논,M
178,Seventeen 원우,M
179,Seventeen 우지,M
180,SF9 찬희,M
181,SF9 로운,M
182,SHINee 키,M
183,SHINee 민호,M
184,SHINee 온유,M
185,SHINee 태민,M
186,SISTAR 보라,F
187,SISTAR 다솜,F
188,SISTAR 효린,F
189,SISTAR 소유,F
190,SNSD 효연,F
191,SNSD 서현 ,F
192,SNSD 수영 ,F
193,SNSD 써니,F
194,SNSD 태연,F
195,SNSD 티파니,F
196,SNSD 윤아,F
197,SNSD 유리,F
198,STAYC 아이사,F
199,STAYC 제이,F
200,STAYC 세은,F
201,STAYC 시은,F
202,STAYC 수민,F
203,STAYC 윤,F
204,Super Junior 동해,M
205,Super Junior 은혁,M
206,Super Junior 희철,M
207,Super Junior 규현,M
208,Super Junior 이특,M
209,Super Junior 려욱,M
210,Super Junior 신동,M
211,Super Junior 시원,M
212,Super Junior 성민,M
213,Super Junior 예성,M
214,T-ara 은정,F
215,T-ara 지연,F
216,Teen Top 캡,M
217,Teen Top 창조,M
218,Teen Top 천지,M
219,Teen Top 니엘,M
220,Teen Top 리키,M
221,Treasure 예담,M
222,TVXQ 최강창민,M
223,TVXQ 유노윤호,M
224,Twice 채영,F
225,Twice 다현,F
226,Twice 정연,F
227,Twice 지효,F
228,Twice 미나,F
229,Twice 모모,F
230,Twice 나연,F
231,Twice 사나,F
232,Twice 쯔위,F
233,VIVIZ 은하,F
234,VIVIZ 신비,F
235,VIVIZ 엄지,F
236,VIXX 레오,M
237,VIXX 엔,M
238,VIXX 라비,M
239,Wanna One 다니엘,M
240,Wanna One 재환,M
241,Wanna One 지훈,M
242,Wanna One 지성,M
243,Wanna One 라이관린,M
244,Wanna One 성우,M
245,WINNER 승훈,M
246,WINNER 진우,M
247,WINNER 민호,M
248,ZE:A 동준,M
249,ZE:A 형식,M
250,ZE:A 광희,M
251,ZE:A 시완,M
252,Wanna One 성운,M
253,WINNER 승윤,M
254,WJSN 보나,F
255,Weki Meki 도연,F
256,Wonder Girls 혜림 ,F
257,WJSN 루다,F
258,Wonder Girls 선미,F
259,Weki Meki 유정,F
260,Wonder Girls 유빈,F
261,배우 강동원,M
262,배우 강민혁,M
263,배우 강태오,M
264,배우 강하늘,M
265,배우 고경표,M
266,배우 고수,M
267,배우 공명,M
268,배우 공유,M
269,배우 곽동연,M
270,배우 곽시양,M
271,배우 권상우,M
272,배우 권율,M
273,배우 김남길,M
274,배우 김동욱,M
275,배우 김래원,M
276,배우 김무열,M
277,배우 김민규,M
278,배우 김민석,M
279,배우 김민재,M
280,배우 김민종,M
281,배우 김범,M
282,배우 김선호,M
283,배우 김성철,M
284,배우 김수현,M
285,배우 김영광,M
286,배우 김영대,M
287,배우 김우빈,M
288,배우 김재욱,M
289,배우 김정현,M
290,배우 김지석,M
291,배우 김현중,M
292,배우 남궁민,M
293,배우 남주혁,M
294,배우 다니엘 헤니,M
295,배우 류준열,M
296,배우 마동석,M
297,배우 박보검,M
298,배우 박서준,M
299,배우 박성훈,M
300,배우 박정민,M
301,배우 박해수,M
302,여자배우 강소라,F
303,여자배우 강한나,F
304,여자배우 고소영,F
305,여자배우 고아라,F
306,여자배우 고아성,F
307,여자배우 고윤정,F
308,여자배우 공승연,F
309,여자배우 공효진,F
310,여자배우 김고은,F
311,여자배우 김다미,F
312,여자배우 김세정,F
313,여자배우 김지원,F
314,여자배우 김태희,F
315,여자배우 김혜자,F
316,여자배우 김희선,F
317,여자배우 노윤서,F
318,여자배우 문가영,F
319,여자배우 박보영,F
320,여자배우 박신혜,F
321,여자배우 박은빈,F
322,여자배우 배수지,F
323,여자배우 서예지,F
324,여자배우 서현진,F
325,여자배우 설인아,F
326,여자배우 설현,F
327,여자배우 소이현,F
328,여자배우 손예진,F
329,여자배우 송지효,F
330,여자배우 송혜교,F
331,여자배우 신민아,F
332,여자배우 신세경,F
333,여자배우 신예은,F
334,여자배우 신혜선,F
335,여자배우 엄정화,F
336,여자배우 오나라,F
337,여자배우 오연서,F
338,여자배우 유이,F
339,여자배우 유인나,F
340,여자배우 윤은혜,F
341,여자배우 이나영,F
342,여자배우 이다희,F
343,여자배우 이보영,F
344,여자배우 이성경,F
345,여자배우 이시영,F
346,여자배우 임윤아,F
347,여자배우 임지연,F
